Entry	Reviewed	Entry Name	Protein names	Gene Names	Organism	Length	Function [CC]	Gene Ontology (biological process)	Gene Ontology (molecular function)	Protein families	PDB	3D	Transmembrane	Subcellular location [CC]	Sequence
O14520	reviewed	AQP7_HUMAN	Aquaporin-7 (AQP-7) (Aquaglyceroporin-7) (Aquaporin adipose) (AQPap) (Aquaporin-7-like)	AQP7 AQP7L AQP9	Homo sapiens (Human)	342	FUNCTION: Forms a channel that mediates water and glycerol transport across cell membranes at neutral pH (PubMed:11952783, PubMed:30420639, PubMed:30423801, PubMed:9405233). The channel is also permeable to urea (PubMed:9405233). Plays an important role in body energy homeostasis under conditions that promote lipid catabolism, giving rise to glycerol and free fatty acids. Mediates glycerol export from adipocytes. After release into the blood stream, glycerol is used for gluconeogenesis in the liver to maintain normal blood glucose levels and prevent fasting hypoglycemia. Required for normal glycerol reabsorption in the kidney (By similarity). {ECO:0000250|UniProtKB:O54794, ECO:0000269|PubMed:11952783, ECO:0000269|PubMed:30420639, ECO:0000269|PubMed:30423801, ECO:0000269|PubMed:9405233}.	glycerol transmembrane transport [GO:0015793]; water transport [GO:0006833]	glycerol channel activity [GO:0015254]; urea transmembrane transporter activity [GO:0015204]; water channel activity [GO:0015250]	MIP/aquaporin (TC 1.A.8) family	6KXW;6N1G;6QZI;6QZJ;8AMW;8AMX;8C9H;	Electron microscopy (3); X-ray crystallography (4)	TRANSMEM 36..56; /note="Helical"; /evidence="ECO:0000250|UniProtKB:P55087"; TRANSMEM 67..86; /note="Helical"; /evidence="ECO:0000250|UniProtKB:P55087"; TRANSMEM 113..148; /note="Helical"; /evidence="ECO:0000250|UniProtKB:P55087"; TRANSMEM 168..188; /note="Helical"; /evidence="ECO:0000250|UniProtKB:P55087"; TRANSMEM 198..219; /note="Helical"; /evidence="ECO:0000250|UniProtKB:P55087"	SUBCELLULAR LOCATION: Cell membrane {ECO:0000269|PubMed:11952783, ECO:0000269|PubMed:28042826, ECO:0000269|PubMed:30423801, ECO:0000269|PubMed:9405233}; Multi-pass membrane protein {ECO:0000250|UniProtKB:P55087}. Cytoplasm, cell cortex {ECO:0000250|UniProtKB:O54794}. Cytoplasmic vesicle membrane {ECO:0000305|PubMed:27832861}; Multi-pass membrane protein {ECO:0000250|UniProtKB:P55087}. Lipid droplet {ECO:0000305|PubMed:27832861}. Note=Internalized from the cell membrane in response to catecholamine-induced activation of PKA; detected on intracellular membranes and colocalizes with lipid droplets (By similarity). Colocalizes with PLIN1 in adipocytes, probably on lipid droplets (PubMed:27832861). {ECO:0000250|UniProtKB:O54794, ECO:0000269|PubMed:27832861}.	MVQASGHRRSTRGSKMVSWSVIAKIQEILQRKMVREFLAEFMSTYVMMVFGLGSVAHMVLNKKYGSYLGVNLGFGFGVTMGVHVAGRISGAHMNAAVTFANCALGRVPWRKFPVYVLGQFLGSFLAAATIYSLFYTAILHFSGGQLMVTGPVATAGIFATYLPDHMTLWRGFLNEAWLTGMLQLCLFAITDQENNPALPGTEALVIGILVVIIGVSLGMNTGYAINPSRDLPPRIFTFIAGWGKQVFSNGENWWWVPVVAPLLGAYLGGIIYLVFIGSTIPREPLKLEDSVAYEDHGITVLPKMGSHEPTISPLTPVSVSPANRSSVHPAPPLHESMALEHF
P06624	reviewed	MIP_BOVIN	Lens fiber major intrinsic protein (Aquaporin-0) (MIP26) (MP26)	MIP	Bos taurus (Bovine)	263	FUNCTION: Water channel (PubMed:23893133). Channel activity is down-regulated by CALM when cytoplasmic Ca(2+) levels are increased. May be responsible for regulating the osmolarity of the lens. Interactions between homotetramers from adjoining membranes may stabilize cell junctions in the eye lens core (By similarity). Plays a role in cell-to-cell adhesion and facilitates gap junction coupling. {ECO:0000250|UniProtKB:P30301, ECO:0000250|UniProtKB:Q6J8I9, ECO:0000269|PubMed:23893133}.	gap junction-mediated intercellular transport [GO:1990349]; lens development in camera-type eye [GO:0002088]; positive regulation of cell adhesion [GO:0045785]; protein homotetramerization [GO:0051289]; visual perception [GO:0007601]; water transport [GO:0006833]	calmodulin binding [GO:0005516]; structural constituent of eye lens [GO:0005212]; water channel activity [GO:0015250]	MIP/aquaporin (TC 1.A.8) family	1YMG;2C32;	X-ray crystallography (2)	TRANSMEM 9..32; /note="Helical"; TRANSMEM 39..61; /note="Helical"; TRANSMEM 85..107; /note="Helical"; TRANSMEM 127..147; /note="Helical"; TRANSMEM 160..176; /note="Helical"; TRANSMEM 201..219; /note="Helical"	SUBCELLULAR LOCATION: Cell membrane {ECO:0000250|UniProtKB:P30301}; Multi-pass membrane protein {ECO:0000250|UniProtKB:Q6J8I9}. Cell junction, gap junction {ECO:0000250|UniProtKB:P30301}.	MWELRSASFWRAICAEFFASLFYVFFGLGASLRWAPGPLHVLQVALAFGLALATLVQAVGHISGAHVNPAVTFAFLVGSQMSLLRAICYMVAQLLGAVAGAAVLYSVTPPAVRGNLALNTLHPGVSVGQATIVEIFLTLQFVLCIFATYDERRNGRLGSVALAVGFSLTLGHLFGMYYTGAGMNPARSFAPAILTRNFTNHWVYWVGPVIGAGLGSLLYDFLLFPRLKSVSERLSILKGSRPSESNGQPEVTGEPVELKTQAL
P29972	reviewed	AQP1_HUMAN	Aquaporin-1 (AQP-1) (Aquaporin-CHIP) (Urine water channel) (Water channel protein for red blood cells and kidney proximal tubule)	AQP1 CHIP28	Homo sapiens (Human)	269	FUNCTION: Forms a water-specific channel that provides the plasma membranes of red cells and kidney proximal tubules with high permeability to water, thereby permitting water to move in the direction of an osmotic gradient (PubMed:1373524). Component of the ankyrin-1 complex, a multiprotein complex involved in the stability and shape of the erythrocyte membrane (PubMed:35835865). {ECO:0000269|PubMed:1373524, ECO:0000269|PubMed:35835865}.	ammonium transmembrane transport [GO:0072488]; camera-type eye morphogenesis [GO:0048593]; carbon dioxide transmembrane transport [GO:0035378]; carbon dioxide transport [GO:0015670]; cell volume homeostasis [GO:0006884]; cellular homeostasis [GO:0019725]; cellular hyperosmotic response [GO:0071474]; cellular response to cAMP [GO:0071320]; cellular response to copper ion [GO:0071280]; cellular response to dexamethasone stimulus [GO:0071549]; cellular response to hydrogen peroxide [GO:0070301]; cellular response to hypoxia [GO:0071456]; cellular response to mechanical stimulus [GO:0071260]; cellular response to mercury ion [GO:0071288]; cellular response to nitric oxide [GO:0071732]; cellular response to retinoic acid [GO:0071300]; cellular response to salt stress [GO:0071472]; cellular response to UV [GO:0034644]; cerebrospinal fluid secretion [GO:0033326]; cGMP-mediated signaling [GO:0019934]; corticotropin secretion [GO:0051458]; defense response to Gram-negative bacterium [GO:0050829]; establishment of localization in cell [GO:0051649]; establishment or maintenance of actin cytoskeleton polarity [GO:0030950]; fibroblast migration [GO:0010761]; glomerular filtration [GO:0003094]; glycerol transmembrane transport [GO:0015793]; hyperosmotic response [GO:0006972]; intracellular water homeostasis [GO:0009992]; lateral ventricle development [GO:0021670]; lipid digestion [GO:0044241]; metanephric descending thin limb development [GO:0072220]; metanephric glomerulus vasculature development [GO:0072239]; metanephric proximal convoluted tubule segment 2 development [GO:0072232]; metanephric proximal straight tubule development [GO:0072230]; multicellular organismal-level water homeostasis [GO:0050891]; negative regulation of apoptotic process [GO:0043066]; negative regulation of cysteine-type endopeptidase activity involved in apoptotic process [GO:0043154]; nitric oxide transport [GO:0030185]; odontogenesis [GO:0042476]; pancreatic juice secretion [GO:0030157]; positive regulation of angiogenesis [GO:0045766]; positive regulation of fibroblast migration [GO:0010763]; positive regulation of fibroblast proliferation [GO:0048146]; positive regulation of saliva secretion [GO:0046878]; potassium ion transport [GO:0006813]; renal water absorption [GO:0070295]; renal water homeostasis [GO:0003091]; renal water transport [GO:0003097]; secretory granule organization [GO:0033363]; sensory perception of pain [GO:0019233]; transepithelial water transport [GO:0035377]; water transport [GO:0006833]; wound healing [GO:0042060]	ammonium channel activity [GO:0008519]; carbon dioxide transmembrane transporter activity [GO:0035379]; ephrin receptor binding [GO:0046875]; glycerol transmembrane transporter activity [GO:0015168]; identical protein binding [GO:0042802]; intracellularly cGMP-activated cation channel activity [GO:0005223]; nitric oxide transmembrane transporter activity [GO:0030184]; potassium channel activity [GO:0005267]; potassium ion transmembrane transporter activity [GO:0015079]; transmembrane transporter activity [GO:0022857]; water channel activity [GO:0015250]; water transmembrane transporter activity [GO:0005372]	MIP/aquaporin (TC 1.A.8) family	1FQY;1H6I;1IH5;4CSK;6POJ;7UZE;8CT2;8CTE;	Electron microscopy (3); NMR spectroscopy (1); X-ray crystallography (4)	TRANSMEM 8..36; /note="Helical; Name=Helix 1"; TRANSMEM 49..66; /note="Helical; Name=Helix 2"; TRANSMEM 95..115; /note="Helical; Name=Helix 3"; TRANSMEM 137..155; /note="Helical; Name=Helix 4"; TRANSMEM 167..183; /note="Helical; Name=Helix 5"; TRANSMEM 208..228; /note="Helical; Name=Helix 6"	SUBCELLULAR LOCATION: Cell membrane {ECO:0000269|PubMed:23219802}; Multi-pass membrane protein {ECO:0000269|PubMed:23219802}.	MASEFKKKLFWRAVVAEFLATTLFVFISIGSALGFKYPVGNNQTAVQDNVKVSLAFGLSIATLAQSVGHISGAHLNPAVTLGLLLSCQISIFRALMYIIAQCVGAIVATAILSGITSSLTGNSLGRNDLADGVNSGQGLGIEIIGTLQLVLCVLATTDRRRRDLGGSAPLAIGLSVALGHLLAIDYTGCGINPARSFGSAVITHNFSNHWIFWVGPFIGGALAVLIYDFILAPRSSDLTDRVKVWTSGQVEEYDLDADDINSRVEMKPK
P41181	reviewed	AQP2_HUMAN	Aquaporin-2 (AQP-2) (ADH water channel) (Aquaporin-CD) (AQP-CD) (Collecting duct water channel protein) (WCH-CD) (Water channel protein for renal collecting duct)	AQP2	Homo sapiens (Human)	271	FUNCTION: Forms a water-specific channel that provides the plasma membranes of renal collecting duct with high permeability to water, thereby permitting water to move in the direction of an osmotic gradient (PubMed:15509592, PubMed:7510718, PubMed:7524315, PubMed:8140421). Plays an essential role in renal water homeostasis (PubMed:15509592, PubMed:7524315, PubMed:8140421). {ECO:0000269|PubMed:15509592, ECO:0000269|PubMed:7510718, ECO:0000269|PubMed:7524315, ECO:0000269|PubMed:8140421}.	actin filament organization [GO:0007015]; cellular response to copper ion [GO:0071280]; cellular response to mercury ion [GO:0071288]; cellular response to water deprivation [GO:0042631]; glycerol transmembrane transport [GO:0015793]; metanephric collecting duct development [GO:0072205]; protein homotetramerization [GO:0051289]; renal water homeostasis [GO:0003091]; renal water transport [GO:0003097]; water transport [GO:0006833]	glycerol transmembrane transporter activity [GO:0015168]; water channel activity [GO:0015250]; water transmembrane transporter activity [GO:0005372]	MIP/aquaporin (TC 1.A.8) family	4NEF;4OJ2;6QF5;8GCL;8GHJ;8OEE;	Electron microscopy (1); X-ray crystallography (5)	TRANSMEM 12..32; /note="Helical"; /evidence="ECO:0000269|PubMed:24733887"; TRANSMEM 41..59; /note="Helical"; /evidence="ECO:0000269|PubMed:24733887"; TRANSMEM 86..107; /note="Helical"; /evidence="ECO:0000269|PubMed:24733887"; TRANSMEM 128..148; /note="Helical"; /evidence="ECO:0000269|PubMed:24733887"; TRANSMEM 157..176; /note="Helical"; /evidence="ECO:0000269|PubMed:24733887"; TRANSMEM 202..222; /note="Helical"; /evidence="ECO:0000269|PubMed:24733887"	SUBCELLULAR LOCATION: Apical cell membrane {ECO:0000269|PubMed:12194985, ECO:0000269|PubMed:15509592, ECO:0000269|PubMed:7510718}; Multi-pass membrane protein {ECO:0000269|PubMed:12194985, ECO:0000269|PubMed:24733887}. Basolateral cell membrane {ECO:0000250|UniProtKB:P34080}; Multi-pass membrane protein {ECO:0000269|PubMed:24733887}. Cell membrane {ECO:0000269|PubMed:15509592, ECO:0000269|PubMed:24733887, ECO:0000269|PubMed:7524315, ECO:0000269|PubMed:8140421}; Multi-pass membrane protein {ECO:0000269|PubMed:24733887}. Cytoplasmic vesicle membrane {ECO:0000269|PubMed:12194985, ECO:0000269|PubMed:15509592}; Multi-pass membrane protein {ECO:0000269|PubMed:12194985, ECO:0000269|PubMed:24733887}. Golgi apparatus, trans-Golgi network membrane {ECO:0000269|PubMed:12194985}; Multi-pass membrane protein {ECO:0000269|PubMed:12194985, ECO:0000269|PubMed:24733887}. Note=Shuttles from vesicles to the apical membrane (PubMed:15509592). Vasopressin-regulated phosphorylation is required for translocation to the apical cell membrane (PubMed:15509592). PLEKHA8/FAPP2 is required to transport AQP2 from the TGN to sites where AQP2 is phosphorylated (By similarity). {ECO:0000250|UniProtKB:P34080, ECO:0000269|PubMed:15509592}.	MWELRSIAFSRAVFAEFLATLLFVFFGLGSALNWPQALPSVLQIAMAFGLGIGTLVQALGHISGAHINPAVTVACLVGCHVSVLRAAFYVAAQLLGAVAGAALLHEITPADIRGDLAVNALSNSTTAGQAVTVELFLTLQLVLCIFASTDERRGENPGTPALSIGFSVALGHLLGIHYTGCSMNPARSLAPAVVTGKFDDHWVFWIGPLVGAILGSLLYNYVLFPPAKSLSERLAVLKGLEPDTDWEEREVRRRQSVELHSPQSLPRGTKA
P47863	reviewed	AQP4_RAT	Aquaporin-4 (AQP-4) (Mercurial-insensitive water channel) (MIWC) (WCH4)	Aqp4	Rattus norvegicus (Rat)	323	FUNCTION: Forms a water-specific channel (PubMed:19800950, PubMed:7509789, PubMed:7528931). Plays an important role in brain water homeostasis and in glymphatic solute transport. Required for a normal rate of water exchange across the blood brain interface. Required for normal levels of cerebrospinal fluid influx into the brain cortex and parenchyma along paravascular spaces that surround penetrating arteries, and for normal drainage of interstitial fluid along paravenous drainage pathways. Thereby, it is required for normal clearance of solutes from the brain interstitial fluid, including soluble beta-amyloid peptides derived from APP. Plays a redundant role in urinary water homeostasis and urinary concentrating ability (By similarity). {ECO:0000250|UniProtKB:P55088, ECO:0000269|PubMed:19800950, ECO:0000269|PubMed:7509789, ECO:0000269|PubMed:7528931}.	carbon dioxide transport [GO:0015670]; cell-cell adhesion [GO:0098609]; cellular response to estradiol stimulus [GO:0071392]; cellular response to glucose stimulus [GO:0071333]; cellular response to interleukin-1 [GO:0071347]; cellular response to interleukin-6 [GO:0071354]; cellular response to type II interferon [GO:0071346]; cerebrospinal fluid circulation [GO:0090660]; cerebrospinal fluid secretion [GO:0033326]; establishment of localization in cell [GO:0051649]; female pregnancy [GO:0007565]; intracellular water homeostasis [GO:0009992]; multicellular organismal-level water homeostasis [GO:0050891]; negative regulation of cell adhesion molecule production [GO:0060354]; negative regulation of interleukin-1 beta production [GO:0032691]; negative regulation of interleukin-6 production [GO:0032715]; protein homotetramerization [GO:0051289]; regulation of vascular endothelial growth factor production [GO:0010574]; renal water absorption [GO:0070295]; response to glucocorticoid [GO:0051384]; sensory perception of sound [GO:0007605]; water transport [GO:0006833]	identical protein binding [GO:0042802]; water channel activity [GO:0015250]	MIP/aquaporin (TC 1.A.8) family	2D57;2ZZ9;3IYZ;	Electron microscopy (1); X-ray crystallography (2)	TRANSMEM 37..57; /note="Helical"; /evidence="ECO:0000269|PubMed:16325200, ECO:0000269|PubMed:19406128"; TRANSMEM 70..89; /note="Helical"; /evidence="ECO:0000269|PubMed:16325200, ECO:0000269|PubMed:19406128"; TRANSMEM 116..136; /note="Helical"; /evidence="ECO:0000269|PubMed:16325200, ECO:0000269|PubMed:19406128"; TRANSMEM 156..176; /note="Helical"; /evidence="ECO:0000269|PubMed:16325200, ECO:0000269|PubMed:19406128"; TRANSMEM 185..205; /note="Helical"; /evidence="ECO:0000269|PubMed:16325200, ECO:0000269|PubMed:19406128"; TRANSMEM 232..252; /note="Helical"; /evidence="ECO:0000269|PubMed:16325200, ECO:0000269|PubMed:19406128"	SUBCELLULAR LOCATION: Cell membrane {ECO:0000269|PubMed:16325200, ECO:0000269|PubMed:18179769, ECO:0000269|PubMed:19800950, ECO:0000269|PubMed:29055082, ECO:0000269|PubMed:7509789, ECO:0000269|PubMed:7528931}; Multi-pass membrane protein {ECO:0000269|PubMed:16325200, ECO:0000269|PubMed:19406128}. Basolateral cell membrane {ECO:0000250|UniProtKB:P55088}; Multi-pass membrane protein {ECO:0000269|PubMed:16325200, ECO:0000269|PubMed:19406128}. Endosome membrane {ECO:0000305|PubMed:19800950}. Cell membrane, sarcolemma {ECO:0000269|PubMed:29055082}; Multi-pass membrane protein {ECO:0000269|PubMed:16325200, ECO:0000269|PubMed:19406128}. Cell projection {ECO:0000269|PubMed:29055082}. Note=Activation of the vasopressin receptor AVPR1A triggers AQP4 phosphorylation at Ser-180 and promotes its internalization from the cell membrane (PubMed:19800950). Detected on brain astrocyte processes and astrocyte endfeet close to capillaries (PubMed:29055082). {ECO:0000269|PubMed:19800950, ECO:0000269|PubMed:29055082}.	MSDGAAARRWGKCGPPCSRESIMVAFKGVWTQAFWKAVTAEFLAMLIFVLLSVGSTINWGGSENPLPVDMVLISLCFGLSIATMVQCFGHISGGHINPAVTVAMVCTRKISIAKSVFYITAQCLGAIIGAGILYLVTPPSVVGGLGVTTVHGNLTAGHGLLVELIITFQLVFTIFASCDSKRTDVTGSVALAIGFSVAIGHLFAINYTGASMNPARSFGPAVIMGNWENHWIYWVGPIIGAVLAGALYEYVFCPDVELKRRLKEAFSKAAQQTKGSYMEVEDNRSQVETEDLILKPGVVHVIDIDRGDEKKGKDSSGEVLSSV
P47865	reviewed	AQP1_BOVIN	Aquaporin-1 (AQP-1) (Aquaporin-CHIP) (Water channel protein CHIP29) (Water channel protein for red blood cells and kidney proximal tubule)	AQP1	Bos taurus (Bovine)	271	FUNCTION: Forms a water-specific channel that provides the plasma membranes of red cells and kidney proximal tubules with high permeability to water, thereby permitting water to move in the direction of an osmotic gradient. Component of the ankyrin-1 complex, a multiprotein complex involved in the stability and shape of the erythrocyte membrane. {ECO:0000250|UniProtKB:P29972}.	ammonium transmembrane transport [GO:0072488]; carbon dioxide transmembrane transport [GO:0035378]; carbon dioxide transport [GO:0015670]; cell volume homeostasis [GO:0006884]; cellular homeostasis [GO:0019725]; cellular hyperosmotic response [GO:0071474]; cellular response to cAMP [GO:0071320]; cellular response to copper ion [GO:0071280]; cellular response to dexamethasone stimulus [GO:0071549]; cellular response to hydrogen peroxide [GO:0070301]; cellular response to hypoxia [GO:0071456]; cellular response to mechanical stimulus [GO:0071260]; cellular response to mercury ion [GO:0071288]; cellular response to retinoic acid [GO:0071300]; cellular response to salt stress [GO:0071472]; cellular response to UV [GO:0034644]; cGMP-mediated signaling [GO:0019934]; establishment or maintenance of actin cytoskeleton polarity [GO:0030950]; glycerol transmembrane transport [GO:0015793]; hyperosmotic response [GO:0006972]; intracellular water homeostasis [GO:0009992]; lateral ventricle development [GO:0021670]; negative regulation of apoptotic process [GO:0043066]; nitric oxide transport [GO:0030185]; positive regulation of angiogenesis [GO:0045766]; positive regulation of fibroblast proliferation [GO:0048146]; positive regulation of saliva secretion [GO:0046878]; renal water transport [GO:0003097]; transepithelial water transport [GO:0035377]; water transport [GO:0006833]	ammonium channel activity [GO:0008519]; carbon dioxide transmembrane transporter activity [GO:0035379]; glycerol transmembrane transporter activity [GO:0015168]; intracellularly cGMP-activated cation channel activity [GO:0005223]; nitric oxide transmembrane transporter activity [GO:0030184]; potassium channel activity [GO:0005267]; transmembrane transporter activity [GO:0022857]; water channel activity [GO:0015250]; water transmembrane transporter activity [GO:0005372]	MIP/aquaporin (TC 1.A.8) family	1J4N;	X-ray crystallography (1)	TRANSMEM 10..34; /note="Helical; Name=Helix 1"; TRANSMEM 51..68; /note="Helical; Name=Helix 2"; TRANSMEM 93..117; /note="Helical; Name=Helix 3"; TRANSMEM 143..158; /note="Helical; Name=Helix 4"; TRANSMEM 170..187; /note="Helical; Name=Helix 5"; TRANSMEM 216..230; /note="Helical; Name=Helix 6"	SUBCELLULAR LOCATION: Cell membrane; Multi-pass membrane protein.	MASEFKKKLFWRAVVAEFLAMILFIFISIGSALGFHYPIKSNQTTGAVQDNVKVSLAFGLSIATLAQSVGHISGAHLNPAVTLGLLLSCQISVLRAIMYIIAQCVGAIVATAILSGITSSLPDNSLGLNALAPGVNSGQGLGIEIIGTLQLVLCVLATTDRRRRDLGGSGPLAIGFSVALGHLLAIDYTGCGINPARSFGSSVITHNFQDHWIFWVGPFIGAALAVLIYDFILAPRSSDLTDRVKVWTSGQVEEYDLDADDINSRVEMKPK
P55064	reviewed	AQP5_HUMAN	Aquaporin-5 (AQP-5)	AQP5	Homo sapiens (Human)	265	FUNCTION: Forms a water-specific channel (PubMed:18768791, PubMed:8621489). Plays an important role in fluid secretion in salivary glands (By similarity). Required for TRPV4 activation by hypotonicity. Together with TRPV4, controls regulatory volume decrease in salivary epithelial cells (PubMed:16571723). Seems to play a redundant role in water transport in the eye, lung and in sweat glands (By similarity). {ECO:0000250|UniProtKB:Q9WTY4, ECO:0000269|PubMed:16571723, ECO:0000269|PubMed:18768791, ECO:0000269|PubMed:8621489}.	camera-type eye morphogenesis [GO:0048593]; carbon dioxide transport [GO:0015670]; cellular hypotonic response [GO:0071476]; odontogenesis [GO:0042476]; pancreatic juice secretion [GO:0030157]; protein homotetramerization [GO:0051289]; saliva secretion [GO:0046541]; water transport [GO:0006833]	identical protein binding [GO:0042802]; water channel activity [GO:0015250]	MIP/aquaporin (TC 1.A.8) family	3D9S;5C5X;5DYE;7STC;	X-ray crystallography (4)	TRANSMEM 13..33; /note="Helical"; /evidence="ECO:0000269|PubMed:18768791, ECO:0000269|PubMed:26569106"; TRANSMEM 40..60; /note="Helical"; /evidence="ECO:0000269|PubMed:18768791, ECO:0000269|PubMed:26569106"; TRANSMEM 88..108; /note="Helical"; /evidence="ECO:0000269|PubMed:18768791, ECO:0000269|PubMed:26569106"; TRANSMEM 127..147; /note="Helical"; /evidence="ECO:0000269|PubMed:18768791, ECO:0000269|PubMed:26569106"; TRANSMEM 159..179; /note="Helical"; /evidence="ECO:0000269|PubMed:18768791, ECO:0000269|PubMed:26569106"; TRANSMEM 204..224; /note="Helical"; /evidence="ECO:0000269|PubMed:18768791, ECO:0000269|PubMed:26569106"	SUBCELLULAR LOCATION: Apical cell membrane {ECO:0000269|PubMed:23473857}; Multi-pass membrane protein {ECO:0000269|PubMed:18768791, ECO:0000269|PubMed:26569106}. Cell membrane {ECO:0000269|PubMed:23830519, ECO:0000269|PubMed:26569106, ECO:0000269|PubMed:8621489}; Multi-pass membrane protein {ECO:0000269|PubMed:18768791, ECO:0000269|PubMed:26569106}. Cytoplasmic vesicle membrane {ECO:0000269|PubMed:26569106}; Multi-pass membrane protein {ECO:0000269|PubMed:18768791, ECO:0000269|PubMed:26569106}. Note=Hypotonicity increases location at the cell membrane. Phosphorylation decreases location at the cell membrane. {ECO:0000269|PubMed:26569106}.	MKKEVCSVAFLKAVFAEFLATLIFVFFGLGSALKWPSALPTILQIALAFGLAIGTLAQALGPVSGGHINPAITLALLVGNQISLLRAFFYVAAQLVGAIAGAGILYGVAPLNARGNLAVNALNNNTTQGQAMVVELILTFQLALCIFASTDSRRTSPVGSPALSIGLSVTLGHLVGIYFTGCSMNPARSFGPAVVMNRFSPAHWVFWVGPIVGAVLAAILYFYLLFPNSLSLSERVAIIKGTYEPDEDWEEQREERKKTMELTTR
P55087	reviewed	AQP4_HUMAN	Aquaporin-4 (AQP-4) (Mercurial-insensitive water channel) (MIWC) (WCH4)	AQP4	Homo sapiens (Human)	323	FUNCTION: Forms a water-specific channel (PubMed:19383790, PubMed:7559426, PubMed:8601457). Plays an important role in brain water homeostasis (PubMed:37143309). It is involved in glymphatic solute transport and is required for a normal rate of water exchange across the blood brain interface. Required for normal levels of cerebrospinal fluid influx into the brain cortex and parenchyma along paravascular spaces that surround penetrating arteries, and for normal drainage of interstitial fluid along paravenous drainage pathways. Thereby, it is required for normal clearance of solutes from the brain interstitial fluid, including soluble beta-amyloid peptides derived from APP. Plays a redundant role in urinary water homeostasis and urinary concentrating ability (By similarity). {ECO:0000250|UniProtKB:P55088, ECO:0000269|PubMed:19383790, ECO:0000269|PubMed:37143309, ECO:0000269|PubMed:7559426, ECO:0000269|PubMed:8601457}.	cellular response to type II interferon [GO:0071346]; cerebrospinal fluid circulation [GO:0090660]; intracellular water homeostasis [GO:0009992]; multicellular organismal-level water homeostasis [GO:0050891]; protein homotetramerization [GO:0051289]; renal water homeostasis [GO:0003091]; water transport [GO:0006833]	identical protein binding [GO:0042802]; water channel activity [GO:0015250]	MIP/aquaporin (TC 1.A.8) family	3GD8;	X-ray crystallography (1)	TRANSMEM 37..57; /note="Helical"; /evidence="ECO:0000269|PubMed:19383790"; TRANSMEM 70..89; /note="Helical"; /evidence="ECO:0000269|PubMed:19383790"; TRANSMEM 116..136; /note="Helical"; /evidence="ECO:0000269|PubMed:19383790"; TRANSMEM 156..176; /note="Helical"; /evidence="ECO:0000269|PubMed:19383790"; TRANSMEM 185..205; /note="Helical"; /evidence="ECO:0000269|PubMed:19383790"; TRANSMEM 232..252; /note="Helical"; /evidence="ECO:0000269|PubMed:19383790"	SUBCELLULAR LOCATION: Cell membrane {ECO:0000269|PubMed:37143309, ECO:0000269|PubMed:7559426, ECO:0000269|PubMed:8601457}; Multi-pass membrane protein {ECO:0000269|PubMed:19383790}. Basolateral cell membrane {ECO:0000250|UniProtKB:P55088}; Multi-pass membrane protein {ECO:0000269|PubMed:19383790}. Endosome membrane {ECO:0000250|UniProtKB:P47863}. Cell membrane, sarcolemma {ECO:0000269|PubMed:29055082}; Multi-pass membrane protein {ECO:0000269|PubMed:19383790}. Cell projection {ECO:0000250|UniProtKB:P47863}. Note=Activation of the vasopressin receptor AVPR1A triggers AQP4 phosphorylation at Ser-180 and promotes its internalization from the cell membrane. Detected on brain astrocyte processes and astrocyte endfeet close to capillaries. {ECO:0000250|UniProtKB:P47863}.	MSDRPTARRWGKCGPLCTRENIMVAFKGVWTQAFWKAVTAEFLAMLIFVLLSLGSTINWGGTEKPLPVDMVLISLCFGLSIATMVQCFGHISGGHINPAVTVAMVCTRKISIAKSVFYIAAQCLGAIIGAGILYLVTPPSVVGGLGVTMVHGNLTAGHGLLVELIITFQLVFTIFASCDSKRTDVTGSIALAIGFSVAIGHLFAINYTGASMNPARSFGPAVIMGNWENHWIYWVGPIIGAVLAGGLYEYVFCPDVEFKRRFKEAFSKAAQQTKGSYMEVEDNRSQVETDDLILKPGVVHVIDVDRGEEKKGKDQSGEVLSSV
P60844	reviewed	AQPZ_ECOLI	Aquaporin Z (Bacterial nodulin-like intrinsic protein) (Water channel AqpZ)	aqpZ bniP b0875 JW0859	Escherichia coli (strain K12)	231	FUNCTION: Channel that permits osmotically driven movement of water in both directions. It is involved in the osmoregulation and in the maintenance of cell turgor during volume expansion in rapidly growing cells. It mediates rapid entry or exit of water in response to abrupt changes in osmolarity. {ECO:0000269|PubMed:10400575, ECO:0000269|PubMed:10518952, ECO:0000269|PubMed:11493683}.	intracellular water homeostasis [GO:0009992]; response to osmotic stress [GO:0006970]; water transport [GO:0006833]	identical protein binding [GO:0042802]; water channel activity [GO:0015250]	MIP/aquaporin (TC 1.A.8) family	1RC2;2ABM;2O9D;2O9E;2O9F;2O9G;3NK5;3NKA;3NKC;8H1D;	NMR spectroscopy (1); X-ray crystallography (9)	TRANSMEM 9..29; /note="Helical; Name=1"; /evidence="ECO:0000255"; TRANSMEM 34..54; /note="Helical; Name=2"; /evidence="ECO:0000255"; TRANSMEM 82..102; /note="Helical; Name=3"; /evidence="ECO:0000255"; TRANSMEM 131..151; /note="Helical; Name=4"; /evidence="ECO:0000255"; TRANSMEM 156..176; /note="Helical; Name=5"; /evidence="ECO:0000255"; TRANSMEM 202..222; /note="Helical; Name=6"; /evidence="ECO:0000255"	SUBCELLULAR LOCATION: Cell inner membrane {ECO:0000269|PubMed:10487750, ECO:0000269|PubMed:10518952}; Multi-pass membrane protein {ECO:0000269|PubMed:10487750, ECO:0000269|PubMed:10518952}.	MFRKLAAECFGTFWLVFGGCGSAVLAAGFPELGIGFAGVALAFGLTVLTMAFAVGHISGGHFNPAVTIGLWAGGRFPAKEVVGYVIAQVVGGIVAAALLYLIASGKTGFDAAASGFASNGYGEHSPGGYSMLSALVVELVLSAGFLLVIHGATDKFAPAGFAPIAIGLALTLIHLISIPVTNTSVNPARSTAVAIFQGGWALEQLWFFWVVPIVGGIIGGLIYRTLLEKRD
Q41951	reviewed	TIP21_ARATH	Aquaporin TIP2-1 (Delta-tonoplast intrinsic protein) (Delta-TIP) (Tonoplast intrinsic protein 2-1) (AtTIP2;1) [Cleaved into: Aquaporin TIP2-1, N-terminally processed]	TIP2-1 At3g16240 MYA6.10	Arabidopsis thaliana (Mouse-ear cress)	250	FUNCTION: Aquaporin required to facilitate the transport of water from the vacuolar compartment to the cytoplasm. Does not promote glycerol permeability. Its function is impaired by Hg(2+). Transports urea in yeast cells and Xenopus laevis oocytes in a pH-independent manner. Transports methylammonium or ammonium in yeast cells and Xenopus laevis oocytes, preferentially at high medium pH. May participate in vacuolar compartmentation and detoxification of ammonium. {ECO:0000269|PubMed:14576283, ECO:0000269|PubMed:15665250, ECO:0000269|PubMed:8624437}.	water transport [GO:0006833]	identical protein binding [GO:0042802]; methylammonium transmembrane transporter activity [GO:0015200]; water channel activity [GO:0015250]	MIP/aquaporin (TC 1.A.8) family, TIP (TC 1.A.8.10) subfamily	5I32;	X-ray crystallography (1)	TRANSMEM 21..41; /note="Helical; Name=1"; /evidence="ECO:0000255"; TRANSMEM 55..75; /note="Helical; Name=2"; /evidence="ECO:0000255"; TRANSMEM 99..119; /note="Helical; Name=3"; /evidence="ECO:0000255"; TRANSMEM 142..162; /note="Helical; Name=4"; /evidence="ECO:0000255"; TRANSMEM 169..189; /note="Helical; Name=5"; /evidence="ECO:0000255"; TRANSMEM 216..236; /note="Helical; Name=6"; /evidence="ECO:0000255"	SUBCELLULAR LOCATION: Vacuole membrane {ECO:0000269|PubMed:10737809, ECO:0000269|PubMed:14576283, ECO:0000269|PubMed:17151019, ECO:0000269|PubMed:8624437}; Multi-pass membrane protein {ECO:0000255, ECO:0000269|PubMed:10737809, ECO:0000269|PubMed:14576283, ECO:0000269|PubMed:8624437}. Note=Tonoplast. It is specifically located in the tonoplast of protein storage vacuoles (PSV) (By similarity). {ECO:0000250}.	MAGVAFGSFDDSFSLASLRAYLAEFISTLLFVFAGVGSAIAYAKLTSDAALDTPGLVAIAVCHGFALFVAVAIGANISGGHVNPAVTFGLAVGGQITVITGVFYWIAQLLGSTAACFLLKYVTGGLAVPTHSVAAGLGSIEGVVMEIIITFALVYTVYATAADPKKGSLGTIAPLAIGLIVGANILAAGPFSGGSMNPARSFGPAVAAGDFSGHWVYWVGPLIGGGLAGLIYGNVFMGSSEHVPLASADF
Q6J8I9	reviewed	MIP_SHEEP	Lens fiber major intrinsic protein (Aquaporin-0)	MIP AQP0	Ovis aries (Sheep)	263	FUNCTION: Water channel. Channel activity is down-regulated by CALM when cytoplasmic Ca(2+) levels are increased. May be responsible for regulating the osmolarity of the lens. Interactions between homotetramers from adjoining membranes may stabilize cell junctions in the eye lens core. Plays a role in cell-to-cell adhesion and facilitates gap junction coupling (By similarity). {ECO:0000250|UniProtKB:P30301, ECO:0000269|PubMed:15141214, ECO:0000269|PubMed:15351655, ECO:0000269|PubMed:16319884, ECO:0000269|PubMed:20389283, ECO:0000269|PubMed:23893133}.	gap junction-mediated intercellular transport [GO:1990349]; lens development in camera-type eye [GO:0002088]; positive regulation of cell adhesion [GO:0045785]; protein homotetramerization [GO:0051289]; visual perception [GO:0007601]; water transport [GO:0006833]	calmodulin binding [GO:0005516]; structural constituent of eye lens [GO:0005212]; water channel activity [GO:0015250]	MIP/aquaporin (TC 1.A.8) family	1SOR;2B6O;2B6P;3J41;3M9I;8SJX;8SJY;	Electron microscopy (4); X-ray crystallography (3)	TRANSMEM 9..32; /note="Helical"; TRANSMEM 39..61; /note="Helical"; TRANSMEM 85..107; /note="Helical"; TRANSMEM 127..147; /note="Helical"; TRANSMEM 160..176; /note="Helical"; TRANSMEM 201..219; /note="Helical"	SUBCELLULAR LOCATION: Cell membrane {ECO:0000269|PubMed:15141214, ECO:0000269|PubMed:15351655, ECO:0000269|PubMed:23893133}; Multi-pass membrane protein {ECO:0000305}. Cell junction, gap junction {ECO:0000269|PubMed:15141214, ECO:0000269|PubMed:15351655, ECO:0000269|PubMed:23893133}.	MWELRSASFWRAIFAEFFATLFYVFFGLGASLRWAPGPLHVLQVALAFGLALATLVQAVGHISGAHVNPAVTFAFLVGSQMSLLRAICYVVAQLLGAVAGAAVLYSVTPPAVRGNLALNTLHPGVSVGQATIVEIFLTLQFVLCIFATYDERRNGRLGSVALAVGFSLTLGHLFGMYYTGAGMNPARSFAPAILTRNFTNHWVYWVGPVIGAGLGSLLYDFLLFPRLKSVSERLSILKGTRPSESNGQPEVTGEPVELKTQAL
Q6ZXT3	reviewed	AQP2_TRYBB	Aquaglyceroporin-2 (TbAQP2)	AQP2	Trypanosoma brucei brucei	312	FUNCTION: Mediates water and glycerol transport across cell membranes (PubMed:15294911, PubMed:21471730). Permeable to urea (PubMed:15294911). Permeable to methylamine/methylammonium (PubMed:16889642). Permeable to dihydroxyacetone (PubMed:15294911). {ECO:0000269|PubMed:15294911, ECO:0000269|PubMed:16889642, ECO:0000269|PubMed:21471730}.	glycerol transmembrane transport [GO:0015793]; urea transmembrane transport [GO:0071918]; water transport [GO:0006833]	glycerol channel activity [GO:0015254]; urea transmembrane transporter activity [GO:0015204]; water channel activity [GO:0015250]	MIP/aquaporin (TC 1.A.8) family	8JY6;8JY7;8JY8;	Electron microscopy (3)	TRANSMEM 78..98; /note="Helical"; /evidence="ECO:0000255"; TRANSMEM 104..124; /note="Helical"; /evidence="ECO:0000255"; TRANSMEM 151..171; /note="Helical"; /evidence="ECO:0000255"; TRANSMEM 203..223; /note="Helical"; /evidence="ECO:0000255"; TRANSMEM 239..259; /note="Helical"; /evidence="ECO:0000255"; TRANSMEM 286..306; /note="Helical"; /evidence="ECO:0000255"	SUBCELLULAR LOCATION: Membrane {ECO:0000269|PubMed:15294911}; Multi-pass membrane protein {ECO:0000255}.	MQSQPDNVAYPMELQAVNKDGTVEVRVQGNVDNSSNERWDADVQKHEVAEAQEKPVGGINFWAPRELRLNYRDYVAEFLGNFVLIYIAKGAVITSLLVPDFGLLGLTIGIGVAVTMALYVSLGISGGHLNSAVTVGNAVFGDFPWRKVPGYIAAQMLGTFLGAACAYGVFADLLKAHGGGELIAFGEKGIAWVFAMYPAEGNGIFYPIFAELISTAVLLLCVCGIFDPNNSPAKGYETVAIGALVFVMVNNFGLASPLAMNPSLDFGPRVFGAILLGGEVFSHANYYFWVPLVVPFFGAILGLFLYKYFLPH
Q8II36	reviewed	AQP1_PLAF7	Aquaglyceroporin (PfAQP) (Aquaporin-1)	AQP PF3D7_1132800	Plasmodium falciparum (isolate 3D7)	258	FUNCTION: Mediates water and glycerol transport across the cell membrane (PubMed:11729204, PubMed:16889642, PubMed:18500352). Permeable to sugar alcohols of up to five carbons and urea (PubMed:11729204, PubMed:16889642). Permeable to ammonia, methylamine and formamide (PubMed:16889642). {ECO:0000269|PubMed:11729204, ECO:0000269|PubMed:16889642, ECO:0000269|PubMed:18500352}.	glucosylglycerol transmembrane transport [GO:0051475]; glycerol transmembrane transport [GO:0015793]; glycolipid biosynthetic process [GO:0009247]; polyol transmembrane transport [GO:0015791]; urea transmembrane transport [GO:0071918]; water transport [GO:0006833]	ammonium channel activity [GO:0008519]; glycerol channel activity [GO:0015254]; glycerol transmembrane transporter activity [GO:0015168]; polyol transmembrane transporter activity [GO:0015166]; urea transmembrane transporter activity [GO:0015204]; water channel activity [GO:0015250]	MIP/aquaporin (TC 1.A.8) family	3C02;	X-ray crystallography (1)	TRANSMEM 12..32; /note="Helical"; /evidence="ECO:0000255"; TRANSMEM 46..66; /note="Helical"; /evidence="ECO:0000255"; TRANSMEM 88..108; /note="Helical"; /evidence="ECO:0000255"; TRANSMEM 136..156; /note="Helical"; /evidence="ECO:0000255"; TRANSMEM 172..192; /note="Helical"; /evidence="ECO:0000255"; TRANSMEM 218..238; /note="Helical"; /evidence="ECO:0000255"	SUBCELLULAR LOCATION: Cell membrane {ECO:0000250|UniProtKB:A0A509APT1}; Multi-pass membrane protein {ECO:0000255}.	MHMLFYKSYVREFIGEFLGTFVLMFLGEGATANFHTTGLSGDWYKLCLGWGLAVFFGILVSAKLSGAHLNLAVSIGLSSINKFDLKKIPVYFFAQLLGAFVGTSTVYGLYHGFISNSKIPQFAWETSRNPSISLTGAFFNELILTGILLLVILVVVDENICGKFHILKLSSVVGLIILCIGITFGGNTGFALNPSRDLGSRFLSLIAYGKDTFTKDNFYFWVPLVAPCVGSVVFCQFYDKVICPLVDLANNEKDGVDL
Q96PS8	reviewed	AQP10_HUMAN	Aquaporin-10 (AQP-10) (Aquaglyceroporin-10) (Small intestine aquaporin)	AQP10	Homo sapiens (Human)	301	FUNCTION: [Isoform 1]: Water channel that mediates water transport across cell membranes irrespective of the cytosolic pH (PubMed:12084581, PubMed:21733844, PubMed:23382902, PubMed:30420639). The channel is permeable to glycerol, especially when the cytosolic pH is acidified (PubMed:21733844, PubMed:30420639). Contributes to adipocyte water and glycerol permeability, and may thereby contribute to the utilization of glycerol derived from phospholipid degradation (PubMed:23382902). May contribute to water transport in the intestine (Probable). {ECO:0000269|PubMed:12084581, ECO:0000269|PubMed:21733844, ECO:0000269|PubMed:23382902, ECO:0000269|PubMed:30420639, ECO:0000305|PubMed:11573934, ECO:0000305|PubMed:12084581, ECO:0000305|PubMed:15221416}.; FUNCTION: [Isoform 2]: Water channel that mediates water transport across cell membranes, but that is not permeable to glycerol. {ECO:0000269|PubMed:11573934}.	cellular response to acidic pH [GO:0071468]; glycerol transmembrane transport [GO:0015793]; protein homotetramerization [GO:0051289]; response to toxic substance [GO:0009636]; water transport [GO:0006833]	glycerol channel activity [GO:0015254]; urea transmembrane transporter activity [GO:0015204]; water channel activity [GO:0015250]	MIP/aquaporin (TC 1.A.8) family	6F7H;	X-ray crystallography (1)	TRANSMEM 26..46; /note="Helical"; /evidence="ECO:0000269|PubMed:30420639"; TRANSMEM 53..73; /note="Helical"; /evidence="ECO:0000269|PubMed:30420639"; TRANSMEM 98..122; /note="Helical"; /evidence="ECO:0000269|PubMed:30420639"; TRANSMEM 157..177; /note="Helical"; /evidence="ECO:0000269|PubMed:30420639"; TRANSMEM 188..207; /note="Helical"; /evidence="ECO:0000269|PubMed:30420639"; TRANSMEM 244..264; /note="Helical"; /evidence="ECO:0000269|PubMed:30420639"	SUBCELLULAR LOCATION: Apical cell membrane {ECO:0000269|PubMed:15221416}; Multi-pass membrane protein {ECO:0000269|PubMed:30420639}. Cell membrane {ECO:0000269|PubMed:11573934, ECO:0000269|PubMed:12084581, ECO:0000269|PubMed:23382902, ECO:0000269|PubMed:30420639}; Multi-pass membrane protein {ECO:0000269|PubMed:30420639}. Lipid droplet {ECO:0000269|PubMed:23382902}. Note=Detected around lipid droplets. {ECO:0000269|PubMed:23382902}.	MVFTQAPAEIMGHLRIRSLLARQCLAEFLGVFVLMLLTQGAVAQAVTSGETKGNFFTMFLAGSLAVTIAIYVGGNVSGAHLNPAFSLAMCIVGRLPWVKLPIYILVQLLSAFCASGATYVLYHDALQNYTGGNLTVTGPKETASIFATYPAPYLSLNNGFLDQVLGTGMLIVGLLAILDRRNKGVPAGLEPVVVGMLILALGLSMGANCGIPLNPARDLGPRLFTYVAGWGPEVFSAGNGWWWVPVVAPLVGATVGTATYQLLVALHHPEGPEPAQDLVSAQHKASELETPASAQMLECKL
Q9C4Z5	reviewed	AQPM_METTM	Aquaporin AqpM	aqpM MTBMA_c05510	Methanothermobacter marburgensis (strain ATCC BAA-927 / DSM 2133 / JCM 14651 / NBRC 100331 / OCM 82 / Marburg) (Methanobacterium thermoautotrophicum)	246	FUNCTION: Channel that permits osmotically driven movement of water in both directions. It mediates rapid entry or exit of water in response to abrupt changes in osmolarity. Exhibits also a transient but reproducible increase in the initial glycerol flux.		water channel activity [GO:0015250]	MIP/aquaporin (TC 1.A.8) family	2EVU;2F2B;	X-ray crystallography (2)	TRANSMEM 12..32; /note="Helical"; /evidence="ECO:0000255"; TRANSMEM 56..76; /note="Helical"; /evidence="ECO:0000255"; TRANSMEM 104..124; /note="Helical"; /evidence="ECO:0000255"; TRANSMEM 146..166; /note="Helical"; /evidence="ECO:0000255"; TRANSMEM 173..193; /note="Helical"; /evidence="ECO:0000255"; TRANSMEM 218..238; /note="Helical"; /evidence="ECO:0000255"	SUBCELLULAR LOCATION: Cell membrane; Multi-pass membrane protein.	MVSLTKRCIAEFIGTFILVFFGAGSAAVTLMIASGGTSPNPFNIGIGLLGGLGDWVAIGLAFGFAIAASIYALGNISGCHINPAVTIGLWSVKKFPGREVVPYIIAQLLGAAFGSFIFLQCAGIGAATVGGLGATAPFPGISYWQAMLAEVVGTFLLMITIMGIAVDERAPKGFAGIIIGLTVAGIITTLGNISGSSLNPARTFGPYLNDMIFAGTNLWNYYPIYVIGPIVGAVLAALTYQYLTSE
Q9FF53	reviewed	PIP24_ARATH	Probable aquaporin PIP2-4 (Plasma membrane intrinsic protein 2.4) (AtPIP2;4) [Cleaved into: Probable aquaporin PIP2-4, N-terminally processed]	PIP2-4 At5g60660 MUP24.9	Arabidopsis thaliana (Mouse-ear cress)	291	FUNCTION: Aquaporins facilitate the transport of water and small neutral solutes across cell membranes. {ECO:0000250}.	hydrogen peroxide transmembrane transport [GO:0080170]; root hair elongation [GO:0048767]	water channel activity [GO:0015250]	MIP/aquaporin (TC 1.A.8) family, PIP (TC 1.A.8.11) subfamily	6QIM;	X-ray crystallography (1)	TRANSMEM 40..60; /note="Helical; Name=1"; /evidence="ECO:0000255"; TRANSMEM 75..95; /note="Helical; Name=2"; /evidence="ECO:0000255"; TRANSMEM 126..146; /note="Helical; Name=3"; /evidence="ECO:0000255"; TRANSMEM 168..188; /note="Helical; Name=4"; /evidence="ECO:0000255"; TRANSMEM 202..222; /note="Helical; Name=5"; /evidence="ECO:0000255"; TRANSMEM 250..270; /note="Helical; Name=6"; /evidence="ECO:0000255"	SUBCELLULAR LOCATION: Cell membrane {ECO:0000250}; Multi-pass membrane protein {ECO:0000250}.	MAKDLDVNESGPPAARDYKDPPPAPFFDMEELRKWPLYRAVIAEFVATLLFLYVSILTVIGYKAQTDATAGGVDCGGVGILGIAWAFGGMIFVLVYCTAGISGGHINPAVTVGLFLARKVSLVRTVLYIVAQCLGAICGCGFVKAFQSSYYTRYGGGANELADGYNKGTGLGAEIIGTFVLVYTVFSATDPKRNARDSHVPVLAPLPIGFAVFMVHLATIPITGTGINPARSFGAAVIYNNEKAWDDQWIFWVGPMIGAAAAAFYHQFILRAAAIKALGSFGSFGSFRSFA
O28846	reviewed	AQPM_ARCFU	Probable aquaporin AqpM	aqpM AF_1426	Archaeoglobus fulgidus (strain ATCC 49558 / DSM 4304 / JCM 9628 / NBRC 100126 / VC-16)	246	FUNCTION: Channel that permits osmotically driven movement of water in both directions. {ECO:0000250}.		water channel activity [GO:0015250]	MIP/aquaporin (TC 1.A.8) family	3NE2;	X-ray crystallography (1)	TRANSMEM 13..33; /note="Helical"; /evidence="ECO:0000255"; TRANSMEM 57..77; /note="Helical"; /evidence="ECO:0000255"; TRANSMEM 105..125; /note="Helical"; /evidence="ECO:0000255"; TRANSMEM 147..167; /note="Helical"; /evidence="ECO:0000255"; TRANSMEM 174..194; /note="Helical"; /evidence="ECO:0000255"; TRANSMEM 218..238; /note="Helical"; /evidence="ECO:0000255"	SUBCELLULAR LOCATION: Cell membrane {ECO:0000250}; Multi-pass membrane protein {ECO:0000250}.	MTMTLAKRFTAEVVGTFILVFFGPGAAVITLMIANGADKPNEFNIGIGALGGLGDWFAIGMAFALAIAAVIYSLGRISGAHINPAVTIALWSIGRFPGREVVPYIVAQFIGAALGSLLFLACVGPAAATVGGLGATAPFPGIGYGQAILTEAIGTFLLMLVIMGVAVDERAPPGFAGLVIGLTVGGIITTIGNITGSSLNPARTFGPYLGDSLMGINLWQYFPIYVIGPIVGAVAAAWLYNYLAKE
Q8UJW4	reviewed	AQPZ2_AGRFC	Aquaporin Z 2	aqpZ2 Atu5361 AGR_pAT_521	Agrobacterium fabrum (strain C58 / ATCC 33970) (Agrobacterium tumefaciens (strain C58))	228	FUNCTION: Channel that permits osmotically driven movement of water in both directions. It is involved in the osmoregulation and in the maintenance of cell turgor during volume expansion in rapidly growing cells. It mediates rapid entry or exit of water in response to abrupt changes in osmolarity. {ECO:0000255|HAMAP-Rule:MF_01146}.		water channel activity [GO:0015250]	MIP/aquaporin (TC 1.A.8) family	3LLQ;	X-ray crystallography (1)	TRANSMEM 9..29; /note="Helical"; /evidence="ECO:0000255|HAMAP-Rule:MF_01146"; TRANSMEM 34..54; /note="Helical"; /evidence="ECO:0000255|HAMAP-Rule:MF_01146"; TRANSMEM 82..102; /note="Helical"; /evidence="ECO:0000255|HAMAP-Rule:MF_01146"; TRANSMEM 129..149; /note="Helical"; /evidence="ECO:0000255|HAMAP-Rule:MF_01146"; TRANSMEM 158..178; /note="Helical"; /evidence="ECO:0000255|HAMAP-Rule:MF_01146"; TRANSMEM 204..224; /note="Helical"; /evidence="ECO:0000255|HAMAP-Rule:MF_01146"	SUBCELLULAR LOCATION: Cell inner membrane {ECO:0000255|HAMAP-Rule:MF_01146}; Multi-pass membrane protein {ECO:0000255|HAMAP-Rule:MF_01146}.	MGRKLLAEFFGTFWLVFGGCGSAVFAAAFPELGIGFTGVALAFGLTVLTMAYAVGGISGGHFNPAVSVGLTVAGRFPASSLVPYVIAQVAGAIVAAAALYVIATGKAGIDLGGFASNGYGEHSPGGYSLVSALLIEIILTAFFLIVILGSTHGRVPAGFAPIAIGLALTLIHLISIPVTNTSVNPARSTGQALFVGGWALQQLWLFWLAPIVGGAAGAVIWKLFGEKD
